epoch,loss,val_loss
0,6.783199426531792,3.767714818318685
1,3.6847272726893423,8.735190709431967
2,2.706808933466673,4.200385928153992
3,2.5302118483185767,3.752614895502726
4,1.9802040584385394,3.4881673653920493
5,1.88402810677886,2.2991409301757812
6,1.493503127247095,2.668059547742208
7,1.4536256182938814,6.405735055605571
8,1.2819068393111228,4.402638991673787
9,1.300056658014655,5.358926932017009
